scenario,cache_fraction,cache_weight,seed,gls,simple_mean,median,weight_dispersion,spectral_effective,n_pulls
homogeneous,0.0,0.0,1200,3.8275658899330427,3.8532211557884306,4.243005296429267,0.02010668768814948,5.271051917456055,9
homogeneous,0.0,0.0,1201,3.483955584934978,3.467087477848197,3.9715960113079154,0.017226047809468525,5.698593383696389,9
homogeneous,0.0,0.0,1202,4.412679803628629,4.282664080902128,4.719315522125642,0.023197603602818345,4.954888166699987,9
homogeneous,0.0,0.0,1203,4.088128070487281,4.003908932428395,4.444171526717211,0.024344336844733874,4.595780341148341,9
homogeneous,0.0,0.0,1204,4.442370029165762,4.458594881047659,4.822648700841296,0.02309906287754206,5.379887307633457,9
homogeneous,0.0,0.0,1205,3.182075275344006,3.1665831339705837,3.6463619557040143,0.019723351815778698,4.606345599020571,9
homogeneous,0.0,0.0,1206,3.428895811634908,3.4393776640235774,3.7042473316125357,0.016898172750315722,4.626659788698015,9
homogeneous,0.0,0.0,1207,3.934761303552634,3.9291284440909493,4.396277620205888,0.01871609474940875,4.791264972591431,9
homogeneous,0.0,0.0,1208,3.752467039303953,3.7857330129495375,4.221041182293049,0.02212252007577142,4.90278098199384,9
homogeneous,0.0,0.0,1209,4.153481388897226,4.148928641906571,4.459099705577342,0.02478864532300044,4.948173759502882,9
homogeneous,0.0,0.0,1210,3.6602764814045274,3.665048921696664,4.042546708502505,0.010679852117186021,4.936970699299328,9
homogeneous,0.0,0.0,1211,3.7912092382256244,3.755391793061089,4.534970559248183,0.013536809617469918,4.5929682272540555,9
homogeneous,0.0,0.0,1212,4.252263465672697,4.234483663430243,4.49566427960982,0.015490764400336813,4.7929903751828125,9
homogeneous,0.0,0.0,1213,3.824665506964245,3.866328524491757,4.301908087962067,0.025868424402297304,4.756590152351945,9
homogeneous,0.0,0.0,1214,3.9517580732941244,3.897262485953069,4.236946170422487,0.04159108166612063,5.447090610760074,9
homogeneous,0.0,0.0,1215,3.216253297179171,3.284209067886772,3.7291084377939727,0.035269553894316956,4.62112398345245,9
homogeneous,0.0,0.0,1216,3.2471836724381995,3.226047231158099,3.817669021405397,0.022289852228530003,4.985580905356322,9
homogeneous,0.0,0.0,1217,3.2613697457882402,3.2507595218655134,3.7991397411358454,0.012845719140556168,4.967491626090136,9
homogeneous,0.0,0.0,1218,3.296910699598227,3.1749291672896875,3.5922337447131882,0.02313740099226,5.281681200271785,9
homogeneous,0.0,0.0,1219,3.6327726567931258,3.6169300351173628,4.241537690394109,0.02988484349582497,4.3765293087753925,9
cache_third_moderate,0.33,0.5,1200,3.297210894426388,3.2998161610741166,3.528642441621664,0.014618698621361009,5.107379059153414,9
cache_third_moderate,0.33,0.5,1201,3.54333961162098,3.509622965887642,3.911933489866413,0.03706374358066321,4.95595175263981,9
cache_third_moderate,0.33,0.5,1202,4.169908372857933,4.083712301225083,4.497604690501813,0.030486530768400123,5.31503724633217,9
cache_third_moderate,0.33,0.5,1203,4.048512503504008,3.8960547752874213,4.2215440215918925,0.027670299426368162,5.123677875561759,9
cache_third_moderate,0.33,0.5,1204,4.276253898364802,4.229345980103527,4.519962376306121,0.027606049969810604,5.322586855553832,9
cache_third_moderate,0.33,0.5,1205,3.525409515269955,3.2656699414598074,3.8303806137261307,0.03068598821738633,4.7985593384371175,9
cache_third_moderate,0.33,0.5,1206,3.2201184896268757,3.1942483987773325,3.6986265287116415,0.03355754513152292,4.321641721610077,9
cache_third_moderate,0.33,0.5,1207,3.98341373026106,3.947455733849014,4.212522591822913,0.033375446516134694,4.923833387844581,9
cache_third_moderate,0.33,0.5,1208,3.789024749469436,3.670113962272423,4.117238984504545,0.017955095495369874,4.750219722210459,9
cache_third_moderate,0.33,0.5,1209,4.039007829878601,3.993853181653567,4.52312040680524,0.015116839572906651,4.949848161035878,9
cache_third_moderate,0.33,0.5,1210,3.770283330789315,3.6741083313773526,4.064346507162725,0.03298305219904906,5.088636805047889,9
cache_third_moderate,0.33,0.5,1211,4.254080767253284,4.044685775788896,4.629930810634187,0.01839329465377828,4.877649230672747,9
cache_third_moderate,0.33,0.5,1212,4.275267434160157,4.230058850932929,4.512454200837266,0.02019054169081787,5.207469014256239,9
cache_third_moderate,0.33,0.5,1213,3.9373267617505263,3.8630610338253546,4.22041031206337,0.02378304331552456,5.793630384114578,9
cache_third_moderate,0.33,0.5,1214,3.8938681329002396,3.9104111491743754,4.048101142437327,0.028850184600848587,4.596959189531249,9
cache_third_moderate,0.33,0.5,1215,3.585623318482089,3.458735125045397,4.001431256350583,0.026514504874143942,4.593452315570384,9
cache_third_moderate,0.33,0.5,1216,3.3107912285630174,3.203413106271878,3.8252926887678047,0.032798504224617914,4.755394535013399,9
cache_third_moderate,0.33,0.5,1217,3.749484557552144,3.6024838255450664,4.02821427623525,0.023681876539907967,4.802029244687874,9
cache_third_moderate,0.33,0.5,1218,3.3532464418226304,3.272966348733802,4.032386039670204,0.030664031538858865,4.761616475806316,9
cache_third_moderate,0.33,0.5,1219,3.2944270143976984,3.25282915220152,3.841914838704917,0.029311534151594768,4.947851769235033,9
cache_third_strong,0.33,0.8,1200,3.482339955648424,3.8481700983581164,3.8343508059240246,0.052298902499764745,4.150203467191883,9
cache_third_strong,0.33,0.8,1201,3.9664414964698236,4.189633021025703,4.332069828731876,0.040404814854037276,3.869351326268656,9
cache_third_strong,0.33,0.8,1202,4.425728577494304,4.529879226725784,4.856343812855435,0.036458198942333854,4.073842371586715,9
cache_third_strong,0.33,0.8,1203,4.462815357931618,4.306682166811572,4.788415221486717,0.031905970776384816,3.853820254569526,9
cache_third_strong,0.33,0.8,1204,4.515845518465999,4.7301879587535955,4.8597348474798885,0.02902005471073211,4.105434859069588,9
cache_third_strong,0.33,0.8,1205,4.310275204287793,3.9751265998112837,5.076107084214673,0.03137467627298925,3.785967785767127,9
cache_third_strong,0.33,0.8,1206,3.540211092204634,3.9300724473875825,4.118135822437735,0.047915763048865835,3.670040432825254,9
cache_third_strong,0.33,0.8,1207,4.471951018318009,4.307914823388303,4.774655300611561,0.03524419547248231,3.9652983317986963,9
cache_third_strong,0.33,0.8,1208,4.165168648111956,4.1584440813669685,4.592536288544862,0.03958663973711688,4.062782784954695,9
cache_third_strong,0.33,0.8,1209,4.41074447405496,4.438802464493304,5.084094643942217,0.02783051792098081,4.138415178867081,9
cache_third_strong,0.33,0.8,1210,4.1796967610838145,4.114391156401673,4.582326607679968,0.01985153142354947,4.069322032442206,9
cache_third_strong,0.33,0.8,1211,4.8095134606359915,4.8642874954089566,5.329563593097434,0.031690035378708487,3.8956460266933743,9
cache_third_strong,0.33,0.8,1212,4.674972361881893,4.6567654885606,4.932707413709111,0.019585267812768824,4.208264554315319,9
cache_third_strong,0.33,0.8,1213,4.37398925783959,4.16571867808629,4.987671865406353,0.03232325903704275,4.264687971445905,9
cache_third_strong,0.33,0.8,1214,4.065524143992781,4.398948233848873,4.307327045370518,0.0314519646525457,3.88733863727854,9
cache_third_strong,0.33,0.8,1215,4.046598283275274,4.089563538231817,4.525345734089899,0.026230242162170948,4.01640555762166,9
cache_third_strong,0.33,0.8,1216,3.7335786663451294,3.762846416845526,4.357593514382476,0.05264134769719706,3.916074434797162,9
cache_third_strong,0.33,0.8,1217,4.140847994356989,4.123623741005814,4.487657406914912,0.02884251493676643,3.8942124577140516,9
cache_third_strong,0.33,0.8,1218,3.9407706177409993,3.876397640491805,4.8518729994454395,0.024593215840400015,3.8851630559916903,9
cache_third_strong,0.33,0.8,1219,3.6512150129299354,3.493232635077547,4.293940839880586,0.03465189484975335,4.0865314928703524,9
cache_half_strong,0.5,0.8,1200,4.334923975313166,4.709529195668838,4.880837840145291,0.04099611900423341,2.6540849794287604,9
cache_half_strong,0.5,0.8,1201,5.192111845250609,5.016519930606777,5.564469825546675,0.05499527868826131,2.7870800263772266,9
cache_half_strong,0.5,0.8,1202,5.666923421196665,5.073490133956958,5.933084611203691,0.05967191366746809,2.9375190928555948,9
cache_half_strong,0.5,0.8,1203,5.4152716907691705,5.019243887544421,5.554555551089577,0.04324267805915905,3.0518492540805062,9
cache_half_strong,0.5,0.8,1204,5.554697166064534,5.402048660339713,5.708239554041927,0.04034960053508428,2.808020218703906,9
cache_half_strong,0.5,0.8,1205,5.276426094674176,4.687421452297827,5.7213788771616585,0.04550232200952421,2.7988018733123603,9
cache_half_strong,0.5,0.8,1206,4.824335640062501,4.8358455376246345,5.264241117055282,0.04566480000352179,2.7476274711001323,9
cache_half_strong,0.5,0.8,1207,5.3898515003746414,4.592627284821112,5.510659837897229,0.04601542742687742,3.1629390045718657,9
cache_half_strong,0.5,0.8,1208,5.330718246331296,4.839321333333548,5.5684199157061585,0.04023680540808578,3.044571809039841,9
cache_half_strong,0.5,0.8,1209,5.118283169547177,5.082310715459875,5.908022728029762,0.03659941589192506,2.9714064448996216,9
cache_half_strong,0.5,0.8,1210,5.066136086381147,4.693296253238384,5.361632712029758,0.03332115104459784,3.0250374960894426,9
cache_half_strong,0.5,0.8,1211,6.2778775316565625,5.983870098326956,6.672595094743795,0.02604155853975783,2.8451191189163993,9
cache_half_strong,0.5,0.8,1212,5.455893191401908,5.041039663674798,5.786393869997463,0.023687242177969553,3.342570265332175,9
cache_half_strong,0.5,0.8,1213,4.914805519559269,4.702007929909726,5.556005566085844,0.04155393998924111,2.9411811124244767,9
cache_half_strong,0.5,0.8,1214,5.339307781126789,5.178035339198885,5.575197021993449,0.029199582078933084,2.900603044161665,9
cache_half_strong,0.5,0.8,1215,4.842112958638936,4.82529246143136,5.274944930060497,0.047749469688018256,2.9822920543048608,9
cache_half_strong,0.5,0.8,1216,4.674740740266536,4.5164296199238905,5.293550427163906,0.06740433270416382,2.8006225858045743,9
cache_half_strong,0.5,0.8,1217,5.132507806279591,4.785000615826321,5.341621652484343,0.029650829828214608,3.235620859156061,9
cache_half_strong,0.5,0.8,1218,4.8985164326934445,4.610270002083172,5.538221387406345,0.03480593247308168,2.8300238110925737,9
cache_half_strong,0.5,0.8,1219,4.560306888654241,4.009473915833221,5.17282447045834,0.031705169487009334,3.144478934670471,9
